price,crime_rate,resid_area,air_qual,room_num,age,avg_dist,teachers,poor_prop,n_hos_beds,n_hot_rooms,rainfall,parks,airport_YES,waterbody,bus_ter
5,38.3518,48.1,0.693,5.453,100,1.49,19.8,30.59,9.3,13.04,26,0.065253151,1,River,YES
5,67.9208,48.1,0.693,5.683,100,1.425,19.8,22.98,7.3,14.04,38,0.065307953,0,Lake,YES
5.6,25.0461,48.1,0.693,5.987,100,1.59,19.8,26.77,9.212,11.0448,30,0.061734722,0,None,YES
6.3,9.91655,48.1,0.693,5.852,77.8,1.5,19.8,29.97,6.726,14.0504,42,0.061264059,1,Lake,YES
7,45.7461,48.1,0.693,4.519,100,1.6575,19.8,36.98,6.04,12.056,40,0.069262801,0,Lake,YES
7,0.18337,57.74,0.609,5.414,98.3,1.7575,19.9,23.97,9.84,15.056,29,0.065888635,1,None,YES
7.2,16.8118,48.1,0.7,5.277,98.1,1.4275,19.8,30.81,10.144,13.0576,36,0.059990848,1,River,YES
7.2,14.2362,48.1,0.693,6.343,100,1.575,19.8,20.32,7.344,10.0576,50,0.070291108,0,Lake,YES
7.2,18.0846,48.1,0.679,6.434,100,1.835,19.8,29.05,8.644,11.0576,59,0.058726791,1,None,YES
7.4,22.5971,48.1,0.7,5,89.5,1.52,19.8,31.99,8.348,15.0592,54,0.061626983,1,River,YES
7.5,10.8342,48.1,0.679,6.782,90.8,1.82,19.8,25.79,7.899767068,10.06,35,0.06461937,0,Lake,YES
8.1,0.20746,57.74,0.609,5.093,98,1.8225,19.9,29.68,9.162,10.0648,49,0.062741536,0,Lake and River,YES
8.2,15.1772,48.1,0.74,6.152,100,1.9125,19.8,26.45,9.864,11.0656,60,0.06739388,1,Lake and River,YES
8.3,24.8017,48.1,0.693,5.349,96,1.7025,19.8,19.77,7.899767068,15.0664,40,0.067688666,1,None,YES
8.3,15.8603,48.1,0.679,5.896,95.4,1.91,19.8,24.39,5.566,15.0664,51,0.067305708,0,None,YES
8.4,11.8123,48.1,0.718,6.824,76.5,1.7925,19.8,22.74,5.968,13.0672,26,0.063264165,1,River,YES
8.4,13.6781,48.1,0.74,5.935,87.9,1.82,19.8,34.02,9.568,14.0672,57,0.071117798,0,None,YES
8.5,7.67202,48.1,0.693,5.747,98.9,1.635,19.8,19.92,9.27,14.068,22,0.06623652,0,Lake,YES
8.5,41.5292,48.1,0.693,5.531,85.4,1.6075,19.8,27.38,8.47,11.068,56,0.061470408,1,Lake and River,YES
8.8,20.0849,48.1,0.7,4.368,91.2,1.44,19.8,30.63,5.676,14.0704,25,0.062556587,0,Lake and River,YES
8.8,73.5341,48.1,0.679,5.957,100,1.8,19.8,20.62,8.476,12.0704,52,0.067903567,1,Lake and River,YES
9.5,9.33889,48.1,0.679,6.38,95.6,1.9675,19.8,24.08,8.79,12.076,52,0.064037395,1,None,YES
9.6,14.4208,48.1,0.74,6.461,93.3,2,19.8,18.05,6.092,10.0768,57,0.070157854,1,River,YES
9.7,11.5779,48.1,0.7,5.036,97,1.77,19.8,25.68,5.494,14.0776,51,0.068542099,1,Lake,YES
10.2,17.8667,48.1,0.671,6.223,100,1.3875,19.8,21.78,7.904,11.0816,46,0.058067105,1,Lake,YES
10.2,14.3337,48.1,0.7,4.88,100,1.59,19.8,30.62,6.104,10.0816,25,0.071030258,1,River,YES
10.2,12.2472,48.1,0.584,5.837,59.7,1.9975,19.8,15.69,9.104,14.0816,33,0.055707938,0,Lake,YES
10.4,88.9762,48.1,0.671,6.968,91.9,1.4175,19.8,17.21,9.408,14.0832,21,0.066591139,1,Lake,YES
10.4,25.9406,48.1,0.679,5.304,89.1,1.65,19.8,26.64,8.608,15.0832,60,0.058834904,1,River,YES
10.5,24.3938,48.1,0.7,4.652,100,1.4675,19.8,28.28,7.71,15.084,34,0.059673708,0,River,YES
10.5,22.0511,48.1,0.74,5.818,92.4,1.865,19.8,22.11,7.41,12.084,38,0.075248915,0,Lake,YES
10.8,12.8023,48.1,0.74,5.854,96.6,1.8975,19.8,23.79,5.516,12.0864,34,0.065304838,1,None,YES
10.9,15.8744,48.1,0.671,6.545,99.1,1.5175,19.8,21.08,8.618,10.0872,60,0.05814884,0,River,YES
10.9,37.6619,48.1,0.679,6.202,78.7,1.8625,19.8,14.52,7.518,11.0872,42,0.066286981,1,None,YES
11,7.36711,48.1,0.679,6.193,78.1,1.9375,19.8,21.52,8.52,12.088,45,0.067890699,1,None,YES
11.3,9.18702,48.1,0.7,5.536,100,1.5775,19.8,23.6,8.226,11.0904,46,0.060649594,1,River,YES
11.5,8.15174,48.1,0.7,5.39,98.9,1.73,19.8,20.85,6.03,12.092,51,0.061502094,0,None,YES
11.7,8.79212,48.1,0.584,5.565,70.6,2.065,19.8,17.16,7.834,11.0936,57,0.063779016,1,River,YES
11.7,13.9134,48.1,0.713,6.208,95,2.2225,19.8,15.17,7.834,11.0936,37,0.074839333,1,River,YES
11.8,2.77974,49.58,0.871,4.903,97.8,1.345,25.3,29.29,6.636,13.0944,52,0.079429069,1,River,YES
11.8,10.6718,48.1,0.74,6.459,94.8,1.9875,19.8,23.98,5.336,12.0944,28,0.076180913,1,River,YES
11.9,20.7162,48.1,0.659,4.138,100,1.1775,19.8,23.34,8.538,14.0952,53,0.061901185,0,Lake and River,YES
12,15.0234,48.1,0.614,5.304,97.3,2.1025,19.8,24.91,9.34,15.096,39,0.061921548,0,River,YES
12.1,9.59571,48.1,0.693,6.404,100,1.6375,19.8,20.31,5.442,14.0968,42,0.068858839,1,River,YES
12.3,7.99248,48.1,0.7,5.52,100,1.535,19.8,24.56,6.746,15.0984,41,0.070122485,0,River,YES
12.5,5.87205,48.1,0.693,6.405,96,1.675,19.8,19.37,5.45,11.1,24,0.068462877,0,River,YES
12.6,9.92485,48.1,0.74,6.251,96.6,2.1975,19.8,16.44,9.752,11.1008,37,0.064950729,1,Lake,YES
12.7,1.13081,38.14,0.538,5.713,94.1,4.2325,19,22.6,9.854,12.1016,34,0.058542025,1,River,YES
12.7,13.3598,48.1,0.693,5.887,94.7,1.7825,19.8,16.35,6.754,15.1016,40,0.065389612,0,None,YES
12.7,4.66883,48.1,0.713,5.976,87.9,2.58,19.8,19.01,7.154,15.1016,31,0.06376258,0,Lake and River,YES
12.8,9.39063,48.1,0.74,5.627,93.9,1.8175,19.8,22.88,8.456,15.1024,50,0.073012667,1,River,YES
13,7.52601,48.1,0.713,6.417,98.3,2.185,19.8,19.31,8.06,12.104,27,0.073411072,1,Lake,YES
13.1,1.15172,38.14,0.538,5.701,95,3.7875,19,18.35,8.362,15.1048,25,0.057017179,0,River,YES
13.1,2.44668,49.58,0.871,5.272,94,1.735,25.3,16.14,6.362,10.1048,60,0.074884947,0,River,YES
13.1,23.6482,48.1,0.671,6.38,96.2,1.385,19.8,23.69,9.262,14.1048,54,0.06315332,1,None,YES
13.1,8.71675,48.1,0.693,6.471,98.8,1.725,19.8,17.12,5.762,15.1048,29,0.071121639,1,River,YES
13.2,1.38799,38.14,0.538,5.95,82,3.9925,19,27.71,8.764,14.1056,25,0.053285159,1,Lake,YES
13.3,0.2498,51.89,0.624,5.857,98.2,1.6675,18.8,21.32,8.066,14.1064,39,0.059284665,1,Lake,YES
13.3,9.82349,48.1,0.671,6.794,98.8,1.3575,19.8,21.24,6.066,14.1064,22,0.069007471,0,None,YES
13.3,6.39312,48.1,0.584,6.162,97.4,2.205,19.8,24.1,9.066,11.1064,27,0.063035421,1,None,YES
13.4,3.32105,49.58,0.871,5.403,100,1.3225,25.3,26.82,5.268,13.1072,42,0.080678048,0,River,YES
13.4,7.05042,48.1,0.614,6.103,85.1,2.0225,19.8,23.29,8.268,46.2,29,0.063343967,0,River,YES
13.4,11.1604,48.1,0.74,6.629,94.6,2.125,19.8,23.27,10.168,12.1072,46,0.076801062,1,None,YES
13.4,6.71772,48.1,0.713,6.749,92.6,2.32,19.8,17.44,9.068,13.1072,59,0.06132192,1,Lake and River,YES
13.5,1.61282,38.14,0.538,6.096,96.9,3.76,19,20.34,9.67,11.108,40,0.049603305,1,Lake and River,YES
13.5,8.20058,48.1,0.713,5.936,80.3,2.78,19.8,16.94,8.87,13.108,46,0.074872202,0,River,YES
13.6,1.25179,38.14,0.538,5.57,98.1,3.7975,19,21.02,8.272,15.1088,44,0.048317527,0,Lake and River,YES
13.6,0.10574,57.74,0.609,5.983,98.8,1.8675,19.9,18.07,7.072,14.1088,47,0.056278464,1,River,YES
13.8,2.37934,49.58,0.871,6.13,100,1.42,25.3,27.8,7.776,10.1104,59,0.084516058,0,River,YES
13.8,11.1081,48.1,0.668,4.906,100,1.175,19.8,34.77,6.876,13.1104,56,0.061022409,0,Lake,YES
13.8,18.4982,48.1,0.668,4.138,100,1.1375,19.8,37.97,7.076,13.1104,35,0.071138748,1,River,YES
13.8,8.64476,48.1,0.693,6.193,92.6,1.7925,19.8,15.17,9.076,14.1104,55,0.062731082,0,Lake and River,YES
13.8,8.05579,48.1,0.584,5.427,95.4,2.4275,19.8,18.14,9.076,11.1104,47,0.049707252,0,River,YES
13.9,0.84054,38.14,0.538,5.599,85.7,4.455,19,16.51,9.378,13.1112,35,0.051585152,1,Lake,YES
13.9,15.288,48.1,0.671,6.649,93.3,1.345,19.8,23.24,9.478,15.1112,26,0.070452383,0,River,YES
14,0.2909,51.89,0.624,6.174,93.6,1.6125,18.8,24.16,5.68,10.112,28,0.056976992,0,None,YES
14.1,10.0623,48.1,0.584,6.833,94.3,2.0875,19.8,19.69,6.682,14.1128,29,0.054610526,0,None,YES
14.1,9.32909,48.1,0.713,6.185,98.7,2.26,19.8,18.13,9.082,13.1128,52,0.067950544,1,River,YES
14.1,4.75237,48.1,0.713,6.525,86.5,2.435,19.8,18.13,7.782,14.1128,36,0.061925584,1,Lake,YES
14.2,7.02259,48.1,0.718,6.006,95.3,1.875,19.8,15.7,8.284,10.1136,29,0.075559551,0,Lake and River,YES
14.3,0.88125,51.89,0.624,5.637,94.7,1.9825,18.8,18.34,7.886,10.1144,30,0.058060503,1,Lake,YES
14.3,5.58107,48.1,0.713,6.436,87.9,2.3175,19.8,16.22,6.186,10.1144,46,0.061400159,1,Lake,YES
14.4,0.25387,36.91,0.448,5.399,95.3,5.87,22.1,30.81,7.088,14.1152,34,0.042666167,0,River,YES
14.4,1.62864,51.89,0.624,5.019,100,1.44,18.8,34.41,9.988,12.1152,43,0.056051787,1,Lake,YES
14.4,9.51363,48.1,0.713,6.728,94.1,2.4975,19.8,18.71,5.888,14.1152,34,0.066068471,0,Lake,YES
14.5,0.98843,38.14,0.538,5.813,100,4.095,19,19.88,7.49,13.116,29,0.052609397,0,River,YES
14.5,1.35472,38.14,0.538,6.072,100,4.175,19,13.04,9.29,12.116,23,0.052254284,1,River,YES
14.5,8.49213,48.1,0.584,6.348,86.1,2.055,19.8,17.64,9.09,11.116,53,0.063629899,1,None,YES
14.6,2.36862,49.58,0.871,4.926,95.7,1.46,25.3,29.53,6.892,11.1168,24,0.079946625,0,River,YES
14.6,10.233,48.1,0.614,6.185,96.7,2.17,19.8,18.03,5.292,15.1168,60,0.065217793,1,None,YES
14.8,0.95577,38.14,0.538,6.047,88.8,4.4525,19,17.28,8.696,13.1184,20,0.048746294,1,Lake,YES
14.8,5.66637,48.1,0.74,6.219,100,2.005,19.8,16.59,7.096,14.1184,54,0.07711596,0,River,YES
14.9,6.28807,48.1,0.74,6.341,96.4,2.07,19.8,17.79,10.198,15.1192,41,0.070659667,0,Lake,YES
14.9,7.75223,48.1,0.713,6.301,83.7,2.785,19.8,16.23,5.598,15.1192,39,0.064939128,0,Lake and River,YES
15,0.22489,37.87,0.524,6.377,94.3,6.3475,24.8,20.45,6,11.12,29,0.057775258,0,Lake and River,YES
15,19.6091,48.1,0.671,7.313,97.9,1.3175,19.8,13.44,8.9,15.12,45,0.062426718,0,River,YES
15,51.1358,48.1,0.597,5.757,100,1.4125,19.8,10.11,9.6,11.12,52,0.061616148,0,River,YES
15.1,6.96215,48.1,0.7,5.713,97,1.925,19.8,17.11,9.702,11.1208,20,0.071082586,1,River,YES
15.2,1.23247,38.14,0.538,6.142,91.7,3.98,19,18.72,5.804,14.1216,48,0.057413663,1,Lake and River,YES
15.2,5.44114,48.1,0.713,6.655,98.2,2.355,19.8,17.73,8.104,11.1216,41,0.061385953,0,River,YES
15.2,0.15086,57.74,0.609,5.454,92.7,1.82,19.9,18.06,6.004,14.1216,28,0.060475976,1,Lake,YES
15.3,1.12658,49.58,0.871,5.012,88,1.61,25.3,12.12,5.406,10.1224,46,0.085078322,1,River,YES
15.4,2.73397,49.58,0.871,5.597,94.9,1.5225,25.3,21.45,10.108,15.1232,48,0.075894744,0,Lake and River,YES
15.4,9.96654,48.1,0.74,6.485,100,1.9775,19.8,18.85,6.608,14.1232,21,0.06694984,1,None,YES
15.6,0.75026,38.14,0.538,5.924,94.1,4.4,19,16.3,8.212,13.1248,27,0.050109252,1,None,YES
15.6,0.97617,51.89,0.624,5.757,98.4,2.3475,18.8,17.31,9.012,11.1248,32,0.064571272,1,None,YES
15.6,4.0974,49.58,0.871,5.468,100,1.4125,25.3,26.42,7.312,13.1248,25,0.07925606,1,Lake,YES
15.6,2.15505,49.58,0.871,5.628,100,1.515,25.3,16.65,5.612,10.1248,32,0.075905363,1,Lake and River,YES
15.6,3.53501,49.58,0.871,6.152,82.6,1.7475,25.3,15.02,9.912,11.1248,37,0.086711473,0,Lake and River,YES
15.7,0.38735,55.65,0.581,5.613,95.6,1.755,20.9,27.26,7.714,10.1256,42,0.063462127,1,None,YES
16,0.17171,35.13,0.453,5.966,93.4,6.82,20.3,14.44,6.22,15.128,48,0.038611012,1,None,YES
16.1,2.63548,39.9,0.544,4.973,37.8,2.5175,21.6,12.64,7.322,11.1288,27,0.056148028,1,River,YES
16.1,6.44405,48.1,0.584,6.425,74.8,2.2,19.8,12.03,8.722,10.1288,42,0.053705297,1,River,YES
16.1,5.09017,48.1,0.713,6.297,91.8,2.3675,19.8,17.27,6.722,15.1288,21,0.064521583,1,River,YES
16.2,0.25915,51.89,0.624,5.693,96,1.7875,18.8,17.19,5.924,15.1296,31,0.056659877,0,Lake and River,YES
16.2,0.25356,39.9,0.544,5.705,77.7,3.945,21.6,11.5,6.724,12.1296,58,0.055817767,0,None,YES
16.3,28.6558,48.1,0.597,5.155,100,1.5875,19.8,20.08,6.626,14.1304,58,0.055800358,0,None,YES
16.4,4.81213,48.1,0.713,6.701,90,2.5975,19.8,16.42,9.428,12.1312,29,0.060878559,0,Lake and River,YES
16.5,0.21124,37.87,0.524,5.631,100,6.0825,24.8,29.93,5.93,12.132,55,0.056302495,1,River,YES
16.5,0.02498,31.89,0.518,6.54,59.7,6.2675,24.1,8.65,7.33,11.132,40,0.056545656,1,River,YES
16.6,0.67191,38.14,0.538,5.813,90.3,4.6825,19,14.81,9.732,12.1328,59,0.04753336,1,River,YES
16.6,0.22927,36.91,0.448,6.03,85.5,5.69,22.1,18.8,5.332,12.1328,44,0.052566062,1,Lake and River,YES
16.7,11.0874,48.1,0.718,6.411,100,1.8575,19.8,15.02,6.034,13.1336,48,0.064850926,1,None,YES
16.7,4.87141,48.1,0.614,6.484,93.6,2.3025,19.8,18.68,6.134,14.1336,22,0.056696324,1,Lake,YES
16.8,4.22239,48.1,0.77,5.803,89,1.905,19.8,14.64,9.736,15.1344,57,0.08028456,0,River,YES
16.8,0.22438,39.69,0.585,6.027,79.7,2.4975,20.8,14.33,6.236,14.1344,54,0.052497379,1,Lake,YES
17,1.41385,49.58,0.871,6.129,96,1.7475,25.3,15.12,7.44,15.136,48,0.080515947,0,Lake,YES
17.1,0.35233,51.89,0.624,6.454,98.4,1.85,18.8,14.59,6.942,11.1368,40,0.067321325,1,None,YES
17.1,0.05023,36.06,0.4379,5.706,28.4,6.64,23.1,12.43,6.742,14.1368,21,0.052187447,0,None,YES
17.1,9.72418,48.1,0.74,6.406,97.2,2.0675,19.8,19.52,9.242,15.1368,58,0.077408024,1,Lake,YES
17.2,0.06162,34.39,0.442,5.898,52.3,8.015,21.2,12.67,6.044,13.1376,46,0.044077795,1,None,YES
17.2,7.40389,48.1,0.597,5.617,97.9,1.455,19.8,26.4,6.444,12.1376,25,0.052765327,1,None,YES
17.2,14.0507,48.1,0.597,6.657,100,1.5275,19.8,21.22,9.644,14.1376,44,0.055100907,1,Lake and River,YES
17.3,0.15038,55.65,0.581,5.856,97,1.945,20.9,25.41,9.146,10.1384,51,0.052355372,1,Lake and River,YES
17.4,0.13554,36.07,0.409,5.594,36.8,6.4975,21.1,13.09,8.848,15.1392,40,0.048420864,0,Lake and River,YES
17.4,0.32264,51.89,0.624,5.942,93.5,1.9675,18.8,16.9,10.148,10.1392,37,0.062157471,1,River,YES
17.4,1.20742,49.58,0.605,5.875,94.6,2.425,25.3,14.43,7.948,11.1392,28,0.060587462,0,River,YES
17.5,0.7842,38.14,0.538,5.99,81.7,4.26,19,14.67,5.45,11.14,56,0.05478547,1,None,YES
17.5,0.03113,34.39,0.442,6.014,48.5,8.0125,21.2,10.53,7.15,13.14,26,0.050677119,0,River,YES
17.5,0.17783,39.69,0.585,5.569,73.5,2.4,20.8,15.1,9.85,14.14,47,0.063466301,1,Lake,YES
17.6,0.20608,35.86,0.431,5.593,76.5,7.955,20.9,12.5,6.252,12.1408,42,0.041141822,0,Lake,YES
17.7,3.69311,48.1,0.713,6.376,88.4,2.565,19.8,14.65,9.854,13.1416,24,0.062928764,1,None,YES
17.8,0.54452,51.89,0.624,6.151,97.9,1.6675,18.8,18.46,8.656,10.1424,29,0.059113982,1,River,YES
17.8,2.33099,49.58,0.871,5.186,93.8,1.5325,25.3,28.32,9.856,14.1424,43,0.08378952,1,None,YES
17.8,0.31827,39.9,0.544,5.914,83.2,3.9975,21.6,18.33,7.256,12.1424,43,0.051922204,1,River,YES
17.8,8.98296,48.1,0.77,6.212,97.4,2.1225,19.8,17.6,5.956,14.1424,39,0.077295155,1,River,YES
17.8,8.24809,48.1,0.713,7.393,99.3,2.4525,19.8,16.74,5.956,11.1424,42,0.069112577,1,River,YES
17.9,18.811,48.1,0.597,4.628,100,1.555,19.8,34.37,8.358,15.1432,40,0.058674621,0,None,YES
18,0.32543,51.89,0.624,6.431,98.8,1.815,18.8,15.39,8.16,14.144,41,0.056365006,0,Lake,YES
18.1,0.55778,51.89,0.624,6.335,98.2,2.11,18.8,16.96,7.862,11.1448,37,0.066297131,0,None,YES
18.2,0.63796,38.14,0.538,6.096,84.5,4.465,19,10.26,6.964,13.1456,49,0.059882129,0,River,YES
18.2,0.7258,38.14,0.538,5.727,69.5,3.8,19,11.28,8.564,12.1456,27,0.057770199,0,River,YES
18.2,0.04301,31.91,0.413,5.663,21.9,10.585,18,8.05,8.764,12.1456,34,0.046933708,1,None,YES
18.3,0.17134,40.01,0.547,5.928,88.2,2.4625,22.2,15.76,7.566,11.1464,24,0.053824188,0,None,YES
18.3,0.26838,39.69,0.585,5.794,70.6,2.8925,20.8,14.1,5.366,14.1464,55,0.057946368,0,Lake and River,YES
18.4,0.77299,38.14,0.538,6.495,94.4,4.455,19,12.8,5.968,15.1472,35,0.054327375,0,River,YES
18.4,0.32982,51.89,0.624,5.822,95.4,2.4725,18.8,15.03,10.268,10.1472,58,0.061670168,0,River,YES
18.5,0.14231,40.01,0.547,6.254,84.2,2.255,22.2,10.45,6.67,12.148,39,0.056980267,1,None,YES
18.5,0.19133,35.86,0.431,5.605,70.2,7.955,20.9,18.46,9.27,10.148,59,0.043718216,0,River,YES
18.5,0.28392,37.38,0.493,5.708,74.3,4.72,20.4,11.74,6.57,15.148,25,0.050020111,1,Lake,YES
18.5,0.03041,35.19,0.515,5.895,59.6,5.615,19.8,10.56,8.27,12.148,21,0.056682367,1,Lake,YES
18.6,0.22876,38.56,0.52,6.405,85.4,2.715,19.1,10.63,6.772,13.1488,57,0.054341122,1,None,YES
18.6,0.07244,31.69,0.411,5.884,18.5,10.7125,21.7,7.79,7.372,11.1488,50,0.039638648,1,Lake,YES
18.7,0.14932,35.13,0.453,5.741,66.2,7.225,20.3,13.15,7.974,11.1496,30,0.043822595,1,River,YES
18.7,0.22212,40.01,0.547,6.092,95.4,2.5475,22.2,17.09,10.074,10.1496,59,0.060331195,1,Lake,YES
18.7,0.06151,35.19,0.515,5.968,58.5,4.8125,19.8,9.29,6.474,13.1496,20,0.053311543,1,River,YES
18.8,0.12329,40.01,0.547,5.913,92.9,2.3525,22.2,16.21,7.899767068,15.1504,35,0.057643674,1,River,YES
18.8,0.09849,55.65,0.581,5.879,95.8,2.0075,20.9,17.58,6.276,13.1504,56,0.062119064,1,Lake,YES
18.9,0.17004,37.87,0.524,6.004,85.9,6.59,24.8,17.1,9.478,14.1512,45,0.050727252,0,None,YES
18.9,0.11747,37.87,0.524,6.009,82.9,6.225,24.8,13.27,9.278,13.1512,23,0.055236508,0,Lake and River,YES
18.9,0.06417,35.96,0.499,5.933,68.2,3.36,20.8,9.68,9.478,11.1512,43,0.052911735,0,Lake,YES
18.9,0.0136,34,0.41,5.888,47.6,7.3175,18.9,14.8,8.678,15.1512,55,0.038684066,0,River,YES
19,0.05497,35.19,0.515,5.985,45.4,4.8125,19.8,9.74,6.38,11.152,28,0.04769962,0,River,YES
19,3.77498,48.1,0.655,5.952,84.7,2.8725,19.8,17.15,8.38,10.152,21,0.057142887,1,None,YES
19,0.04741,41.93,0.573,6.03,80.8,2.505,19,7.88,10.28,10.152,45,0.060335899,1,River,YES
19.1,2.3139,49.58,0.605,5.88,97.3,2.39,25.3,12.03,9.782,12.1528,54,0.057446331,1,None,YES
19.1,4.42228,48.1,0.584,6.003,94.5,2.54,19.8,21.32,9.482,13.1528,21,0.050545377,1,Lake,YES
19.1,15.5757,48.1,0.58,5.926,71,2.91,19.8,18.13,5.882,15.1528,28,0.049370098,1,Lake,YES
19.1,5.69175,48.1,0.583,6.114,79.8,3.545,19.8,14.98,8.582,12.1528,57,0.059506497,0,None,YES
19.2,0.15098,40.01,0.547,6.021,82.6,2.7475,22.2,10.3,9.484,15.1536,28,0.060808694,0,Lake,YES
19.2,0.34006,51.89,0.624,6.458,98.9,2.1175,18.8,12.6,8.984,13.1536,25,0.066273177,1,Lake and River,YES
19.3,0.17142,36.91,0.448,5.682,33.8,5.1025,22.1,10.21,8.086,11.1544,21,0.044495948,1,River,YES
19.3,0.21161,38.56,0.52,6.137,87.4,2.7125,19.1,13.44,6.886,14.1544,36,0.05540686,1,River,YES
19.3,0.14476,40.01,0.547,5.731,65.2,2.7575,22.2,13.61,10.186,11.1544,20,0.052908001,1,Lake,YES
19.3,0.37578,40.59,0.489,5.404,88.6,3.665,21.4,23.98,5.986,14.1544,39,0.048873203,1,Lake,YES
19.3,0.06617,33.24,0.46,5.868,25.8,5.2175,23.1,9.97,9.986,10.1544,35,0.039430781,1,Lake,YES
19.4,0.21977,36.91,0.448,5.602,62,6.0875,22.1,16.2,5.988,13.1552,45,0.050609653,1,Lake,YES
19.4,0.04379,33.37,0.398,5.787,31.1,6.61,23.9,10.24,8.988,11.1552,44,0.047875577,1,River,YES
19.4,0.26363,38.56,0.52,6.229,91.2,2.545,19.1,15.55,9.788,14.1552,41,0.055473931,1,River,YES
19.4,2.14918,49.58,0.871,5.709,98.5,1.6225,25.3,15.79,6.088,12.1552,58,0.083903874,0,River,YES
19.4,0.26169,39.9,0.544,6.023,90.4,2.8325,21.6,11.72,6.288,13.1552,26,0.053472691,0,None,YES
19.4,0.03466,36.06,0.4379,6.031,23.3,6.64,23.1,7.83,7.488,14.1552,22,0.051756241,0,None,YES
19.5,0.13262,38.56,0.52,5.851,96.7,2.105,19.1,16.47,7.89,13.156,57,0.05142062,1,Lake,YES
19.5,0.1712,38.56,0.52,5.836,91.9,2.21,19.1,18.66,10.29,14.156,20,0.048169777,0,River,YES
19.5,0.03427,35.19,0.515,5.869,46.3,5.23,19.8,9.8,10.09,15.156,53,0.044682897,0,River,YES
19.5,6.65492,48.1,0.713,6.317,83,2.735,19.8,13.99,5.89,15.156,22,0.070732691,1,River,YES
19.6,0.85204,38.14,0.538,5.965,89.2,4.0125,19,13.83,9.192,14.1568,23,0.054040555,1,Lake and River,YES
19.6,0.10328,35.13,0.453,5.927,47.2,6.93,20.3,9.22,6.192,14.1568,20,0.045900171,1,Lake and River,YES
19.6,1.19294,51.89,0.624,6.326,97.7,2.27,18.8,12.26,7.592,12.1568,29,0.055879606,0,Lake,YES
19.6,1.49632,49.58,0.871,5.404,100,1.59,25.3,13.28,6.492,11.1568,42,0.075318927,1,None,YES
19.6,4.03841,48.1,0.532,6.229,90.7,3.0975,19.8,12.87,8.692,13.1568,52,0.04747729,0,Lake,YES
19.7,0.08873,35.64,0.439,5.963,45.7,6.815,23.2,13.45,7.899767068,11.1576,21,0.040388562,1,River,YES
19.7,0.2896,39.69,0.585,5.39,72.9,2.7975,20.8,21.14,7.899767068,12.1576,44,0.061026488,0,Lake and River,YES
19.8,0.12802,38.56,0.52,6.474,97.1,2.435,19.1,12.27,8.596,10.1584,48,0.050114607,0,None,YES
19.8,0.24522,39.9,0.544,5.782,71.7,4.035,21.6,15.94,9.796,12.1584,50,0.04706184,1,River,YES
19.8,0.04544,33.24,0.46,6.144,32.2,5.875,23.1,9.09,9.396,11.1584,26,0.043030882,1,River,YES
19.9,0.62739,38.14,0.538,5.834,56.5,4.4975,19,8.47,8.498,14.1592,28,0.059750758,1,River,YES
19.9,3.83684,48.1,0.77,6.251,91.1,2.295,19.8,14.19,8.898,13.1592,56,0.073252182,1,None,YES
19.9,3.1636,48.1,0.655,5.759,48.2,3.065,19.8,14.13,9.998,12.1592,43,0.065980125,1,None,YES
19.9,4.34879,48.1,0.58,6.167,84,3.035,19.8,16.29,5.598,12.1592,36,0.063720531,0,None,YES
20,0.09744,35.96,0.499,5.841,61.4,3.3775,20.8,11.41,7.5,15.16,39,0.045356817,1,None,YES
20,0.18836,36.91,0.448,5.786,33.3,5.1,22.1,14.15,9.3,12.16,39,0.045462478,0,River,YES
20,0.10153,42.83,0.437,6.279,74.5,4.0525,21.3,11.97,7.3,12.16,22,0.045274535,1,River,YES
20,0.43571,40.59,0.489,5.344,100,3.875,21.4,23.09,7.9,13.16,60,0.056197535,1,None,YES
20,6.80117,48.1,0.713,6.081,84.4,2.7175,19.8,14.7,5.4,14.16,27,0.072635554,1,None,YES
20.1,0.1396,38.56,0.52,6.167,90,2.4225,19.1,12.33,7.102,10.1608,20,0.045728768,1,Lake,YES
20.1,0.10612,34.93,0.428,6.095,65.1,6.335,23.4,12.4,8.302,13.1608,41,0.039667516,1,Lake and River,YES
20.1,0.01965,31.76,0.385,6.23,31.5,9.0875,21.8,12.93,8.302,10.1608,39,0.033291762,0,None,YES
20.1,13.0751,48.1,0.58,5.713,56.7,2.825,19.8,14.76,6.302,13.1608,27,0.051188122,1,None,YES
20.1,0.11132,57.74,0.609,5.983,83.5,2.1075,19.9,13.35,8.902,13.1608,57,0.062228045,1,None,YES
20.2,0.80271,38.14,0.538,5.456,36.6,3.795,19,11.69,8.504,12.1616,41,0.054250839,0,River,YES
20.2,5.82115,48.1,0.713,6.513,89.9,2.8025,19.8,10.29,8.804,15.1616,30,0.075168226,1,None,YES
20.3,0.08387,42.83,0.437,5.874,36.6,4.5025,21.3,9.1,6.406,15.1624,37,0.047111045,1,Lake and River,YES
20.3,0.07165,55.65,0.581,6.004,84.1,2.1975,20.9,14.27,9.706,10.1624,39,0.056765616,1,River,YES
20.3,0.14103,43.92,0.437,5.79,58,6.32,24,15.84,7.606,11.1624,42,0.052079028,1,Lake,YES
20.3,0.3494,39.9,0.544,5.972,76.7,3.1025,21.6,9.97,10.106,11.1624,51,0.056731152,1,River,YES
20.4,0.62976,38.14,0.538,5.949,61.8,4.7075,19,8.26,5.908,14.1632,39,0.053463955,1,Lake and River,YES
20.4,0.13117,38.56,0.52,6.127,85.2,2.1225,19.1,14.09,6.008,14.1632,57,0.05169746,0,River,YES
20.4,0.13058,40.01,0.547,5.872,73.1,2.4775,22.2,15.37,8.008,14.1632,40,0.056588861,1,Lake,YES
20.4,0.35114,37.38,0.493,6.041,49.9,4.7225,20.4,7.7,8.908,13.1632,40,0.045674585,1,None,YES
20.5,0.04337,35.64,0.439,6.115,63,6.8175,23.2,9.43,7.01,11.164,30,0.047270246,0,None,YES
20.5,0.09299,55.65,0.581,5.961,92.9,2.09,20.9,17.93,8.91,10.164,51,0.060720897,1,None,YES
20.5,0.19657,35.86,0.431,6.226,79.2,8.055,20.9,10.15,9.81,12.164,31,0.046513913,1,River,YES
20.6,0.04294,45.04,0.464,6.249,77.3,3.615,21.8,10.59,5.712,13.1648,54,0.046459979,1,None,YES
20.6,0.03306,35.19,0.515,6.059,37.3,4.8125,19.8,8.51,8.112,14.1648,26,0.053459545,1,River,YES
20.6,0.10659,31.91,0.413,5.936,19.5,10.585,18,5.57,9.312,13.1648,53,0.044335025,1,None,YES
20.6,2.37857,48.1,0.583,5.871,41.9,3.7225,19.8,13.34,8.112,12.1648,31,0.060860495,1,Lake and River,YES
20.6,4.83567,48.1,0.583,5.905,53.2,3.15,19.8,11.45,8.412,11.1648,44,0.062054499,1,River,YES
20.6,0.04527,41.93,0.573,6.12,76.7,2.2875,19,9.08,6.612,13.1648,20,0.059903421,1,Lake and River,YES
20.7,0.09065,36.96,0.464,5.92,61.5,3.9175,21.4,13.65,10.414,14.1656,29,0.052332701,0,Lake and River,YES
20.7,0.03738,35.19,0.515,6.31,38.5,6.46,19.8,6.75,7.514,15.1656,53,0.055402331,1,None,YES
20.8,0.08707,42.83,0.437,6.14,45.8,4.09,21.3,10.27,5.916,11.1664,57,0.041829283,0,None,YES
20.8,3.67822,48.1,0.77,5.362,96.2,2.105,19.8,10.19,8.016,14.1664,52,0.069929484,1,River,YES
20.8,12.0482,48.1,0.614,5.648,87.6,1.9525,19.8,14.1,8.916,11.1664,36,0.058066317,1,River,YES
20.9,0.12816,36.07,0.409,5.885,33,6.5,21.1,8.79,8.318,11.1672,56,0.038387608,0,None,YES
20.9,0.03548,33.64,0.392,5.876,19.1,9.22,23.6,9.25,7.818,15.1672,31,0.043736448,1,None,YES
21,1.00245,38.14,0.538,6.674,87.3,4.24,19,11.98,9.02,12.168,50,0.048769785,1,None,YES
21,0.08014,35.96,0.499,5.85,41.5,3.935,20.8,8.77,8.12,10.168,21,0.050974724,0,River,YES
21,0.47547,39.9,0.544,6.113,58.8,4.0025,21.6,12.73,10.32,12.168,36,0.054127891,1,River,YES
21.1,0.29916,36.96,0.464,5.856,42.1,4.43,21.4,13,6.222,15.1688,27,0.046563106,1,None,YES
21.1,0.03961,35.19,0.515,6.037,34.5,5.985,19.8,8.01,8.922,14.1688,57,0.050577407,1,River,YES
21.2,0.12269,36.91,0.448,6.069,40,5.7225,22.1,9.55,9.024,12.1696,53,0.039936942,0,Lake,YES
21.2,0.05646,42.83,0.437,6.232,53.7,5.015,21.3,12.34,8.824,15.1696,53,0.03764722,0,Lake and River,YES
21.2,0.13158,40.01,0.547,6.176,72.5,2.73,22.2,12.04,6.524,13.1696,23,0.052774054,0,River,YES
21.2,3.67367,48.1,0.583,6.312,51.9,3.99,19.8,10.58,9.024,13.1696,51,0.049993542,0,River,YES
21.2,0.23912,39.69,0.585,6.019,65.3,2.4075,20.8,12.92,5.824,14.1696,32,0.054545842,0,None,YES
21.4,0.09512,42.83,0.437,6.286,45,4.505,21.3,8.94,6.028,10.1712,28,0.038144597,0,River,YES
21.4,0.11504,32.89,0.445,6.163,69.6,3.495,22,11.34,10.228,12.1712,21,0.046213944,1,River,YES
21.4,0.16902,55.65,0.581,5.986,88.4,1.99,20.9,14.81,8.128,14.1712,22,0.060716839,1,River,YES
21.4,7.83932,48.1,0.655,6.209,65.4,2.965,19.8,13.22,7.828,11.1712,55,0.057674333,1,River,YES
21.4,14.3337,48.1,0.614,6.229,88,1.95,19.8,13.11,6.128,10.1712,32,0.063157529,1,Lake,YES
21.5,1.6566,49.58,0.871,6.122,97.3,1.6175,25.3,14.1,5.53,12.172,34,0.083032787,1,Lake and River,YES
21.5,0.11069,43.89,0.55,5.951,93.8,2.89,23.6,17.92,8.73,14.172,49,0.048031734,1,River,YES
21.6,0.02731,37.07,0.469,6.421,78.9,4.9675,22.2,9.14,7.332,12.1728,42,0.046145633,1,None,YES
21.6,0.26938,39.9,0.544,6.266,82.8,3.2625,21.6,7.9,8.832,14.1728,33,0.054245265,1,River,YES
21.7,0.09378,37.87,0.524,5.889,39,5.4525,24.8,15.71,5.534,10.1736,57,0.057423248,0,None,YES
21.7,0.15876,40.81,0.413,5.961,17.5,5.2875,20.8,9.88,10.034,13.1736,46,0.039985354,0,River,YES
21.7,0.10793,38.56,0.52,6.195,54.4,2.7775,19.1,13,6.934,10.1736,37,0.045227306,1,None,YES
21.7,0.17446,40.59,0.489,5.96,92.1,3.875,21.4,17.27,8.034,12.1736,36,0.044598056,0,Lake,YES
21.7,0.40771,36.2,0.507,6.164,91.3,3.0475,22.6,21.46,5.734,14.1736,37,0.057325565,0,Lake and River,YES
21.7,0.08199,43.92,0.437,6.009,42.3,5.5025,24,10.4,8.834,11.1736,23,0.03857924,1,None,YES
21.7,3.8497,48.1,0.77,6.395,91,2.505,19.8,13.27,7.034,13.1736,56,0.075544099,0,River,YES
21.8,2.81838,48.1,0.532,5.762,40.3,4.1,19.8,10.42,9.636,14.1744,57,0.048221723,1,River,YES
21.8,0.17331,39.69,0.585,5.707,54,2.3825,20.8,12.01,5.936,14.1744,31,0.058020893,1,River,YES
21.9,0.04819,33.64,0.392,6.108,32,9.2175,23.6,6.57,6.538,12.1752,56,0.036968617,0,River,YES
21.9,3.47428,48.1,0.718,8.78,82.9,1.905,19.8,5.29,8.038,12.1752,26,0.062172824,1,River,YES
21.9,3.69695,48.1,0.718,4.963,91.4,1.75,19.8,14,10.238,14.1752,58,0.075653918,0,Lake,YES
22,0.05789,36.07,0.409,5.878,21.4,6.4975,21.1,8.1,7.14,13.176,29,0.040528069,0,River,YES
22,0.03932,33.41,0.489,6.405,73.9,3.0925,22.2,8.2,8.24,13.176,23,0.045096039,1,River,YES
22,0.06899,55.65,0.581,5.87,69.7,2.2575,20.9,14.37,7.84,10.176,23,0.056973923,0,Lake,YES
22,0.01096,32.25,0.389,6.453,31.9,7.3075,24.7,8.23,10.44,14.176,55,0.034687927,0,None,YES
22,0.03537,36.09,0.433,6.59,40.4,5.495,23.9,9.5,9.94,12.176,21,0.037135615,1,None,YES
22,0.10959,41.93,0.573,6.794,89.3,2.39,19,6.48,7.94,15.176,47,0.060694299,1,Lake,YES
22.1,0.14455,37.87,0.524,6.172,96.1,5.95,24.8,19.15,5.842,12.1768,56,0.057074901,1,Lake,YES
22.1,0.79041,39.9,0.544,6.122,52.8,2.6375,21.6,5.98,8.242,15.1768,46,0.055734022,1,Lake and River,YES
22.2,0.11027,35.13,0.453,6.456,67.8,7.225,20.3,6.73,5.844,10.1776,56,0.043331952,1,None,YES
22.2,0.07151,34.49,0.449,6.121,56.8,3.7475,21.5,8.44,7.244,12.1776,43,0.050998564,1,None,YES
22.2,0.1029,34.93,0.428,6.358,52.9,7.035,23.4,11.22,6.044,10.1776,42,0.041118808,1,Lake,YES
22.2,0.24103,37.38,0.493,6.083,43.7,5.415,20.4,12.79,9.044,15.1776,27,0.050830442,0,River,YES
22.2,0.05083,35.19,0.515,6.316,38.1,6.4575,19.8,5.68,9.144,11.1776,34,0.049894824,0,None,YES
22.3,2.44953,49.58,0.605,6.402,95.2,2.2625,25.3,11.32,5.546,15.1784,22,0.053555634,1,River,YES
22.3,0.0459,35.32,0.405,6.315,45.6,7.3175,23.4,7.6,5.846,12.1784,22,0.034847434,1,None,YES
22.4,0.21719,40.59,0.489,5.807,53.8,3.6525,21.4,16.03,6.848,13.1792,20,0.052656085,0,River,YES
22.4,0.06263,41.93,0.573,6.593,69.1,2.4775,19,9.67,9.348,12.1792,27,0.056005681,1,River,YES
22.5,0.05188,34.49,0.449,6.015,45.1,4.4275,21.5,12.86,5.95,11.18,50,0.047156577,0,Lake,YES
22.5,0.25199,40.59,0.489,5.783,72.7,4.3525,21.4,18.06,7.95,10.18,38,0.05189131,1,River,YES
22.5,0.06466,32.24,0.4,6.345,20.1,7.8275,25.2,4.97,9.45,13.18,48,0.036877731,0,None,YES
22.6,0.04684,33.41,0.489,6.417,66.1,3.0925,22.2,8.81,7.352,15.1808,58,0.042303076,1,None,YES
22.6,0.08447,34.05,0.51,5.859,68.7,2.7025,23.4,9.64,9.752,15.1808,35,0.052971979,0,Lake,YES
22.6,0.13642,40.59,0.489,5.891,22.3,3.9475,21.4,10.87,7.952,15.1808,26,0.056222,1,Lake,YES
22.6,0.06724,33.24,0.46,6.333,17.2,5.215,23.1,7.34,5.552,14.1808,53,0.045171644,1,River,YES
22.6,4.26131,48.1,0.77,6.112,81.3,2.5075,19.8,12.67,7.899767068,14.1808,26,0.074238745,1,River,YES
22.7,2.24236,49.58,0.605,5.854,91.8,2.4225,25.3,11.64,8.354,15.1816,56,0.065833104,1,Lake and River,YES
22.7,5.20177,48.1,0.77,6.127,83.4,2.7225,19.8,11.48,6.354,15.1816,42,0.076655095,0,None,YES
22.8,0.09164,40.81,0.413,6.065,7.8,5.2875,20.8,5.52,5.856,10.1824,20,0.036089025,0,River,YES
22.8,0.10084,40.01,0.547,6.715,81.6,2.675,22.2,10.16,5.656,13.1824,34,0.05432915,0,None,YES
22.8,0.76162,33.97,0.647,5.56,62.8,1.985,27,10.45,7.456,13.1824,59,0.058891324,1,River,YES
22.8,0.49298,39.9,0.544,6.635,82.5,3.3175,21.6,4.54,7.156,11.1824,31,0.058075982,1,Lake and River,YES
22.9,0.08829,37.87,0.524,6.012,66.6,5.56,24.8,12.43,6.958,12.1832,41,0.052169908,0,River,YES
22.9,0.03551,34.86,0.426,6.167,46.7,5.4,21,7.51,7.558,10.1832,34,0.040448628,1,None,YES
22.9,0.04203,45.04,0.464,6.442,53.6,3.665,21.8,8.16,9.158,14.1832,60,0.051749737,0,River,YES
22.9,0.06211,31.25,0.429,6.49,44.4,8.7925,20.3,5.98,7.258,15.1832,55,0.038897843,1,River,YES
23,0.59005,51.89,0.624,6.372,97.9,2.3275,18.8,11.12,8.96,12.184,57,0.05495705,1,None,YES
23,0.11425,43.89,0.55,6.373,92.4,3.365,23.6,10.5,6.16,13.184,21,0.056016354,1,None,YES
23,0.30347,37.38,0.493,6.312,28.9,5.4175,20.4,6.15,7.06,12.184,36,0.048493779,1,Lake,YES
23,5.82401,48.1,0.532,6.242,64.7,3.4225,19.8,10.74,8.56,13.184,22,0.046089256,0,River,YES
23.1,1.05393,38.14,0.538,5.935,29.3,4.5,19,6.58,5.462,10.1848,46,0.054698587,0,River,YES
23.1,0.13914,34.05,0.51,5.572,88.5,2.5975,23.4,14.69,9.362,12.1848,38,0.052949504,0,River,YES
23.1,0.40202,39.9,0.544,6.382,67.2,3.5325,21.6,10.36,5.562,10.1848,53,0.051488997,0,None,YES
23.1,0.18159,37.38,0.493,6.376,54.3,4.54,20.4,6.87,7.762,14.1848,40,0.046927708,0,Lake and River,YES
23.1,0.0187,34.15,0.429,6.516,27.7,8.5375,22.1,6.36,8.162,12.1848,47,0.038407038,1,River,YES
23.1,13.5222,48.1,0.631,3.863,100,1.5075,19.8,13.33,9.962,11.1848,24,0.055889023,1,Lake,YES
23.1,0.17899,39.69,0.585,5.67,28.8,2.8,20.8,17.6,8.462,14.1848,55,0.055591669,0,None,YES
23.2,0.07022,34.05,0.51,6.02,47.2,3.555,23.4,10.11,8.564,15.1856,49,0.05195249,1,None,YES
23.2,0.03871,35.32,0.405,6.209,31.3,7.32,23.4,7.14,9.964,14.1856,60,0.043226217,0,River,YES
23.2,5.29305,48.1,0.7,6.051,82.5,2.17,19.8,18.76,9.664,10.1856,53,0.061832936,0,None,YES
23.2,3.56868,48.1,0.58,6.437,75,2.895,19.8,14.36,8.464,15.1856,39,0.063409461,1,River,YES
23.3,0.15445,35.13,0.453,6.145,29.2,7.815,20.3,6.86,7.866,14.1864,22,0.04378357,0,None,YES
23.3,1.42502,49.58,0.871,6.51,100,1.7675,25.3,7.39,7.166,12.1864,36,0.076488584,1,Lake,YES
23.3,0.0456,43.89,0.55,5.888,56,3.1125,23.6,13.51,5.466,12.1864,22,0.061620518,0,None,YES
23.3,0.09252,34.93,0.428,6.606,42.2,6.19,23.4,7.37,5.566,15.1864,51,0.041232141,0,River,YES
23.4,0.04981,35.64,0.439,5.998,21.4,6.815,23.2,8.43,9.168,11.1872,41,0.041560598,0,Lake,YES
23.4,0.19539,40.81,0.413,6.245,6.2,5.2875,20.8,7.54,5.968,12.1872,45,0.043322646,1,None,YES
23.5,0.03584,33.37,0.398,6.29,17.8,6.6125,23.9,4.67,9.47,12.188,20,0.037495888,0,None,YES
23.6,0.0566,33.41,0.489,7.007,86.3,3.42,22.2,5.5,6.972,10.1888,28,0.04554757,1,Lake and River,YES
23.6,0.09178,34.05,0.51,6.416,84.1,2.6475,23.4,9.04,9.872,10.1888,59,0.053992976,1,None,YES
23.7,0.28955,40.59,0.489,5.412,9.8,3.59,21.4,29.55,5.674,11.1896,21,0.056117611,0,River,YES
23.7,0.08244,34.93,0.428,6.481,18.5,6.19,23.4,6.36,7.374,12.1896,48,0.049067932,1,River,YES
23.7,0.12757,34.93,0.428,6.393,7.8,7.0375,23.4,5.19,7.374,15.1896,26,0.048029264,1,River,YES
23.7,5.70818,48.1,0.532,6.75,74.9,3.33,19.8,7.74,6.974,15.1896,46,0.046987414,0,Lake,YES
23.8,1.80028,49.58,0.605,5.877,79.2,2.425,25.3,12.14,10.076,10.1904,22,0.054831218,1,None,YES
23.8,2.3004,49.58,0.605,6.319,96.1,2.1,25.3,11.1,6.676,11.1904,23,0.066262309,1,None,YES
23.8,0.3692,39.9,0.544,6.567,87.3,3.605,21.6,9.28,9.576,13.1904,56,0.054380967,1,River,YES
23.8,0.1676,37.38,0.493,6.426,52.3,4.5425,20.4,7.2,6.776,13.1904,48,0.055346637,1,Lake and River,YES
23.9,0.04462,34.86,0.426,6.619,70.4,5.4025,21,7.22,5.578,12.1912,49,0.050032616,0,River,YES
23.9,0.05059,34.49,0.449,6.389,48,4.78,21.5,9.62,6.678,14.1912,23,0.042125262,1,Lake,YES
23.9,0.08265,43.92,0.437,6.127,18.4,5.505,24,8.58,7.278,14.1912,46,0.04846407,0,River,YES
23.9,0.02543,33.78,0.484,6.696,56.4,5.7325,22.4,7.18,8.978,15.1912,52,0.047871549,1,Lake,YES
23.9,0.06076,41.93,0.573,6.976,91,2.1675,19,5.64,5.478,12.1912,31,0.057572286,1,None,YES
24,0.00632,32.31,0.538,6.575,65.2,4.0875,24.7,4.98,5.48,11.192,23,0.049347306,1,None,YES
24,0.33045,36.2,0.507,6.086,61.5,3.65,22.6,10.88,9.18,14.192,57,0.052493323,0,River,YES
24.1,0.07896,42.83,0.437,6.273,6,4.2525,21.3,6.78,7.882,10.1928,40,0.038894328,1,River,YES
24.1,0.03445,32.03,0.415,6.162,38.4,6.2725,25.3,7.43,7.782,12.1928,32,0.041438068,1,River,YES
24.1,0.0795,31.69,0.411,6.579,35.9,10.7125,21.7,5.49,5.582,10.1928,45,0.036212003,1,Lake,YES
24.2,0.17505,35.96,0.499,5.966,30.2,3.8475,20.8,10.13,8.184,10.1936,21,0.048389259,0,None,YES
24.2,0.08826,40.81,0.413,6.417,6.6,5.285,20.8,6.72,9.784,14.1936,38,0.040917773,0,River,YES
24.3,1.34284,49.58,0.605,6.066,100,1.7575,25.3,6.43,8.886,13.1944,46,0.055598528,0,None,YES
24.3,0.537,36.2,0.504,5.981,68.1,3.675,22.6,11.65,8.286,10.1944,59,0.046602048,0,Lake,YES
24.3,0.33983,35.86,0.431,6.108,34.9,8.055,20.9,9.16,7.086,11.1944,25,0.048857201,0,Lake and River,YES
24.4,0.22969,40.59,0.489,6.326,52.5,4.3575,21.4,10.97,6.688,11.1952,52,0.051027894,0,Lake,YES
24.4,0.13587,40.59,0.489,6.064,59.1,4.24,21.4,14.66,6.888,14.1952,31,0.044689385,0,None,YES
24.4,0.1403,35.86,0.431,6.487,13,7.3975,20.9,5.9,6.188,14.1952,38,0.038843516,1,River,YES
24.4,0.1146,36.96,0.464,6.538,58.7,3.9175,21.4,7.73,8.488,13.1952,40,0.043963559,0,Lake,YES
24.5,0.16439,35.86,0.431,6.433,49.1,7.8275,20.9,9.52,8.39,15.196,43,0.049388751,1,Lake and River,YES
24.5,0.01501,32.01,0.435,6.635,29.7,8.3425,23,5.99,6.29,13.196,45,0.048923889,0,River,YES
24.5,0.27957,39.69,0.585,5.926,42.6,2.38,20.8,13.59,8.79,11.196,47,0.054577495,1,River,YES
24.6,0.05425,34.05,0.51,6.315,73.4,3.32,23.4,6.29,7.092,14.1968,31,0.047376831,0,Lake,YES
24.6,0.19186,37.38,0.493,6.431,14.7,5.4175,20.4,5.08,7.992,15.1968,45,0.045302946,0,Lake,YES
24.7,0.15936,36.91,0.448,6.211,6.5,5.72,22.1,7.44,6.094,15.1976,56,0.044818593,0,River,YES
24.7,0.02055,30.74,0.41,6.383,35.7,9.1875,22.7,5.77,5.794,15.1976,22,0.038214107,1,River,YES
24.8,0.03659,34.86,0.426,6.302,32.2,5.4025,21,6.72,6.096,10.1984,20,0.04682196,1,None,YES
24.8,0.21409,35.86,0.431,6.438,8.9,7.3975,20.9,3.59,10.296,12.1984,50,0.046856215,1,None,YES
24.8,0.04297,35.32,0.405,6.565,22.9,7.3175,23.4,9.51,9.096,14.1984,60,0.041045876,1,None,YES
24.8,0.04417,32.24,0.4,6.871,47.4,7.8275,25.2,6.07,9.096,11.1984,29,0.042859916,1,None,YES
25,0.0536,35.64,0.439,6.511,21.1,6.8175,23.2,5.28,9.9,14.2,56,0.046151955,0,Lake,YES
25,0.1265,35.13,0.453,6.762,43.4,7.9825,20.3,9.5,5.9,13.2,28,0.046951062,0,None,YES
25,0.02875,45.04,0.464,6.211,28.9,3.6675,21.8,6.21,10.3,14.2,46,0.049108903,1,None,YES
25,2.924,49.58,0.605,6.101,93,2.2825,25.3,9.81,10,12.2,22,0.053283066,1,None,YES
25,0.19802,40.59,0.489,6.182,42.4,3.9475,21.4,9.47,7.899767068,12.2,30,0.04792534,1,Lake,YES
25,0.34109,37.38,0.493,6.415,40.1,4.72,20.4,6.12,8.6,15.2,52,0.047326766,0,Lake and River,YES
25,4.54192,48.1,0.77,6.398,88,2.5175,19.8,7.79,8.8,10.2,37,0.067257872,1,None,YES
25,5.73116,48.1,0.532,7.061,77,3.41,19.8,7.01,5.5,11.2,29,0.058384238,0,Lake and River,YES
25.1,0.52058,36.2,0.507,6.631,76.5,4.1475,22.6,9.54,9.402,15.2008,36,0.046360973,1,River,YES
25.2,0.16211,36.96,0.464,6.24,16.3,4.43,21.4,6.59,6.604,10.2016,25,0.043394822,0,Lake,YES
25.3,0.1415,36.91,0.448,6.169,6.6,5.7225,22.1,5.81,8.106,15.2024,52,0.041829995,0,River,YES
26.2,0.19073,35.86,0.431,6.718,17.5,7.825,20.9,6.56,9.324,11.2096,39,0.044233351,0,Lake and River,YES
26.4,0.08308,32.46,0.488,5.604,89.8,2.99,22.2,13.98,9.928,10.2112,27,0.046676165,1,River,YES
26.4,0.09266,36.09,0.433,6.495,18.4,5.49,23.9,8.67,7.928,11.2112,42,0.03726343,0,Lake and River,YES
26.5,0.11432,38.56,0.52,6.781,71.3,2.8575,19.1,7.67,7.23,10.212,58,0.0444151,0,Lake,YES
26.6,0.12744,36.91,0.448,6.77,2.9,5.7225,22.1,4.84,7.732,13.2128,30,0.04943941,0,Lake and River,YES
26.6,0.05735,34.49,0.449,6.63,56.1,4.44,21.5,6.53,9.732,12.2128,56,0.052065566,1,River,YES
26.6,0.02899,31.25,0.429,6.939,34.5,8.795,20.3,5.89,5.632,11.2128,30,0.039234716,1,River,YES
26.7,0.35809,36.2,0.507,6.951,88.5,2.86,22.6,9.71,8.734,11.2136,23,0.053540387,0,None,YES
27,1.27346,49.58,0.605,6.25,92.6,1.8,25.3,5.5,8.44,12.216,23,0.051890692,0,River,YES
27,0.11329,34.93,0.428,6.897,54.3,6.335,23.4,11.38,10.24,11.216,24,0.038641351,0,None,YES
27.1,0.05372,43.92,0.437,6.549,51,5.9625,24,7.39,10.442,10.2168,26,0.045355724,0,Lake and River,YES
27.5,0.14866,38.56,0.52,6.727,79.9,2.7775,19.1,9.42,9.65,15.22,24,0.046955478,1,River,YES
27.5,0.62356,36.2,0.507,6.879,77.7,3.2725,22.6,9.93,9.45,12.22,50,0.046840009,0,None,YES
27.5,4.55587,48.1,0.718,3.561,87.9,1.6125,19.8,7.12,8.05,12.22,51,0.067931991,0,Lake,YES
27.5,14.4383,48.1,0.597,6.852,100,1.465,19.8,19.78,7.65,14.22,57,0.056582992,0,River,YES
27.9,0.03615,34.95,0.411,6.63,23.4,5.1175,20.8,4.7,8.458,12.2232,37,0.038906315,1,Lake,YES
27.9,11.9511,48.1,0.659,5.608,100,1.2875,19.8,12.13,6.658,13.2232,26,0.067194873,1,None,YES
28,0.04113,34.86,0.426,6.727,33.5,5.4,21,5.29,6.46,14.224,54,0.037354248,0,River,YES
28.1,0.14052,40.59,0.489,6.375,32.3,3.945,21.4,9.38,7.562,10.2248,3,0.044019172,1,River,YES
28.2,0.04932,32.18,0.472,6.849,70.3,3.1825,21.6,7.53,10.464,12.2256,46,0.046920311,0,None,YES
28.4,0.12204,32.89,0.445,6.625,57.8,3.495,22,6.65,9.968,14.2272,46,0.046627461,1,River,YES
28.4,0.05479,32.18,0.472,6.616,58.1,3.37,21.6,8.93,6.568,15.2272,22,0.045315188,1,River,YES
28.5,0.03502,34.95,0.411,6.861,27.9,5.1175,20.8,3.33,8.07,11.228,53,0.039614292,1,River,YES
28.6,0.12932,43.92,0.437,6.678,31.1,5.96,24,6.27,6.972,10.2288,44,0.042031036,0,River,YES
28.7,0.02985,32.18,0.458,6.43,58.7,6.06,21.3,5.21,7.174,14.2296,53,0.045909647,1,Lake,YES
28.7,0.05302,33.41,0.489,7.079,63.1,3.415,22.2,5.7,7.574,15.2296,31,0.047722824,0,River,YES
28.7,0.07013,43.89,0.55,6.642,85.1,3.42,23.6,9.69,9.274,14.2296,23,0.048611305,0,None,YES
29,0.44791,36.2,0.507,6.726,66.5,3.6525,22.6,8.05,9.88,13.232,32,0.044080596,0,None,YES
29,0.05561,32.24,0.4,7.041,10,7.83,25.2,4.74,7.98,11.232,36,0.04137643,0,River,YES
29.1,0.01439,32.93,0.401,6.604,18.8,6.22,24.4,4.38,9.282,14.2328,59,0.04883319,1,River,YES
29.1,0.07978,36.41,0.447,6.482,32.1,4.1375,22.4,7.19,6.282,10.2328,38,0.047733893,0,None,YES
29.4,0.06664,34.05,0.51,6.546,33.1,3.13,23.4,5.33,6.188,12.2352,48,0.050839826,1,River,YES
29.6,0.06047,32.46,0.488,6.153,68.8,3.28,22.2,13.15,8.192,11.2368,45,0.046596095,1,Lake and River,YES
29.6,0.08221,35.86,0.431,6.957,6.8,8.905,20.9,3.53,8.992,12.2368,57,0.0395258,0,None,YES
29.8,0.12579,33.44,0.437,6.556,29.1,4.5675,24.8,4.56,7.596,10.2384,40,0.045949197,0,None,YES
29.8,4.64689,48.1,0.614,6.98,67.6,2.5325,19.8,11.66,7.396,15.2384,56,0.062915696,1,Lake and River,YES
29.9,0.06642,34.05,0.51,6.86,74.4,2.9125,23.4,6.92,5.898,11.2392,28,0.054717152,0,None,YES
30.1,0.6147,36.2,0.507,6.618,80.8,3.27,22.6,7.6,9.702,12.2408,39,0.0490122,0,None,YES
30.1,0.65665,33.97,0.647,6.842,100,2.0125,27,6.9,7.302,11.2408,40,0.0598956,0,Lake,YES
30.1,0.01709,32.02,0.41,6.728,36.1,12.1275,23,4.5,6.102,12.2408,40,0.047356513,0,None,YES
30.3,0.04666,31.52,0.404,7.107,36.6,7.31,27.4,8.61,6.906,14.2424,24,0.040063074,1,Lake,YES
30.5,0.06911,33.44,0.437,6.739,30.8,6.48,24.8,4.69,8.81,11.244,40,0.038316195,0,None,YES
30.7,0.7857,33.97,0.647,7.014,84.6,2.1325,27,14.79,6.114,10.2456,41,0.05775938,0,Lake,YES
30.8,0.02763,32.95,0.428,6.595,21.8,5.4,21.7,4.32,6.916,12.2464,49,0.045051199,1,River,YES
31,0.82526,33.97,0.647,7.327,94.5,2.08,27,11.25,5.72,11.248,60,0.055456883,1,None,YES
31.1,0.02187,32.93,0.401,6.8,9.9,6.22,24.4,5.03,6.822,13.2488,24,0.041103452,0,River,YES
31.2,0.03049,33.78,0.484,6.874,28.1,6.465,22.4,4.61,10.624,11.2496,23,0.046382519,1,Lake,YES
31.5,0.44178,36.2,0.504,6.552,21.4,3.3725,22.6,3.76,7.33,15.252,47,0.044352419,1,None,YES
31.5,0.51183,36.2,0.507,7.358,71.6,4.1475,22.6,4.73,10.53,12.252,34,0.056108329,0,Lake and River,YES
31.6,0.01432,31.32,0.411,6.816,40.5,8.325,24.9,3.95,7.432,15.2528,45,0.042595273,0,None,YES
31.6,0.41238,36.2,0.504,7.163,79.9,3.2175,22.6,6.36,6.332,10.2528,34,0.054049996,0,Lake and River,YES
31.7,0.46296,36.2,0.504,7.412,76.9,3.6725,22.6,5.25,6.734,10.2536,26,0.05392758,1,River,YES
32,0.07875,33.44,0.437,6.782,41.1,3.7875,24.8,6.68,7.84,13.256,23,0.042225334,0,None,YES
32,0.09604,36.41,0.447,6.854,42.8,4.2675,22.4,2.98,8.84,12.256,23,0.038411883,1,None,YES
32.2,0.00906,32.97,0.4,7.088,20.8,7.3075,24.7,7.85,7.844,12.2576,30,0.042339768,1,None,YES
32.4,0.05644,36.41,0.447,6.758,32.9,4.08,22.4,3.53,10.648,12.2592,30,0.042514896,0,None,YES
32.5,0.10008,32.46,0.488,6.563,95.6,2.845,22.2,5.68,7.35,14.26,60,0.045047217,1,Lake and River,YES
32.7,0.01301,31.52,0.442,7.241,49.3,7.0375,24.5,5.49,6.254,13.2616,48,0.052440282,0,River,YES
32.9,0.01778,31.47,0.403,7.135,13.9,7.6525,23,4.45,5.958,10.2632,22,0.046477735,0,River,YES
33,0.01951,31.38,0.4161,7.104,59.5,9.2225,21.4,8.05,8.26,10.264,30,0.038988656,0,Lake and River,YES
33,0.09068,33.44,0.437,6.951,21.5,6.48,24.8,5.1,6.16,11.264,55,0.050923075,1,River,YES
33.1,0.06127,36.41,0.447,6.826,27.6,4.8625,22.4,4.16,6.262,11.2648,21,0.041667833,0,None,YES
33.1,0.1,36.09,0.433,6.982,17.7,5.4925,23.9,4.86,8.262,14.2648,34,0.051095004,1,None,YES
33.2,0.0686,32.89,0.445,7.416,62.5,3.4975,22,6.19,6.564,13.2656,31,0.050933645,1,None,YES
33.2,0.10469,36.41,0.447,7.267,49,4.7875,22.4,6.05,8.564,11.2656,35,0.042341511,1,None,YES
33.3,0.04011,31.52,0.404,7.287,34.1,7.31,27.4,4.08,7.266,15.2664,20,0.036635762,1,Lake,YES
33.4,0.03237,32.18,0.458,6.998,45.8,6.065,21.3,2.94,9.268,11.2672,45,0.047150598,1,None,YES
33.4,0.07503,32.18,0.472,7.42,71.9,3.1,21.6,6.47,10.668,12.2672,23,0.050502605,0,None,YES
33.8,0.54011,33.97,0.647,7.203,81.8,2.1125,27,9.59,7.899767068,11.2704,21,0.068040719,1,River,YES
34.6,0.03768,31.52,0.404,7.274,38.3,7.31,27.4,6.62,10.192,14.2768,43,0.041173937,0,River,YES
34.7,0.02729,37.07,0.469,7.185,61.1,4.9675,22.2,4.03,7.394,46.2,38,0.045763966,0,River,YES
34.9,0.03359,32.95,0.428,7.024,15.8,5.4025,21.7,1.98,6.198,15.2792,20,0.042761796,0,River,YES
34.9,0.0837,33.44,0.437,7.185,38.9,4.5675,24.8,5.39,9.298,14.2792,20,0.04637912,0,None,YES
34.9,0.0315,31.47,0.403,6.975,15.3,7.6525,23,4.56,7.998,13.2792,24,0.041283982,0,River,YES
35.1,0.21038,33.33,0.4429,6.812,32.2,4.1,25.1,4.85,9.602,12.2808,26,0.051259589,1,Lake,YES
35.2,0.22188,36.96,0.464,7.691,51.8,4.3675,21.4,6.58,6.004,10.2816,39,0.042436929,1,River,YES
35.4,0.01311,31.22,0.403,7.249,21.9,8.6975,22.1,4.81,7.508,13.2832,50,0.047984816,1,None,YES
35.4,0.03705,33.33,0.4429,6.968,37.2,5.245,25.1,4.59,8.508,14.2832,48,0.042131214,0,River,YES
36,0.66351,33.97,0.647,7.333,100,1.8925,27,7.79,8.02,15.288,58,0.060092539,1,None,YES
36.1,0.05515,32.18,0.472,7.236,41.1,4.0225,21.6,6.93,6.922,10.2888,55,0.052321498,0,Lake and River,YES
36.2,0.06905,32.18,0.458,7.147,54.2,6.0625,21.3,5.33,8.824,11.2896,55,0.039474005,0,None,YES
36.2,0.06888,32.46,0.488,6.144,62.2,2.5975,22.2,9.45,6.624,15.2896,59,0.056018002,1,None,YES
36.4,0.08664,33.44,0.437,7.178,26.3,6.4775,24.8,2.87,10.528,11.2912,40,0.044716451,0,Lake and River,YES
36.5,0.55007,33.97,0.647,7.206,91.6,1.93,27,8.1,8.53,14.292,36,0.058798548,0,None,YES
37.2,0.0578,32.46,0.488,6.98,58.4,2.83,22.2,5.04,9.744,11.2976,50,0.045500586,0,None,YES
37.3,0.07886,34.95,0.411,7.148,27.7,5.1175,20.8,3.56,8.146,10.2984,37,0.047461264,0,River,YES
37.6,0.38214,36.2,0.504,8.04,86.5,3.215,22.6,3.13,5.952,10.3008,54,0.053115719,1,Lake and River,YES
37.9,0.09103,32.46,0.488,7.155,92.2,2.6975,22.2,4.82,9.258,15.3032,56,0.042959915,1,Lake and River,YES
38.7,0.12083,32.89,0.445,8.069,76,3.495,22,4.21,6.274,12.3096,53,0.041200534,1,Lake and River,YES
39.8,0.06588,32.46,0.488,7.765,83.3,2.74,22.2,7.56,8.496,14.3184,60,0.046516009,0,Lake and River,YES
41.3,1.22358,49.58,0.605,6.943,97.4,1.8775,25.3,4.59,8.226,13.3304,57,0.05481416,1,Lake,YES
41.7,0.57529,36.2,0.507,8.337,73.3,3.84,22.6,2.47,6.634,11.3336,28,0.057302659,1,River,YES
42.3,0.02177,32.03,0.415,7.61,15.7,6.2675,25.3,3.11,10.546,14.3384,30,0.045898658,0,Lake,YES
42.8,0.36894,35.86,0.431,8.259,8.4,8.9075,20.9,3.54,10.856,13.3424,53,0.050873374,1,Lake,YES
43.1,0.53412,33.97,0.647,7.52,89.4,2.1375,27,7.26,6.662,11.3448,24,0.06503824,0,River,YES
43.5,0.5405,33.97,0.575,7.47,52.6,2.87,27,3.16,9.07,15.348,43,0.050390185,0,River,YES
43.8,0.08187,32.89,0.445,7.82,36.9,3.4975,22,3.57,10.876,10.3504,25,0.051129581,0,None,YES
44,0.01538,33.75,0.394,7.454,34.2,6.335,24.1,3.11,6.68,13.352,38,0.042191684,0,Lake,YES
44.8,0.31533,36.2,0.504,8.266,78.3,2.895,22.6,4.14,6.796,12.3584,47,0.056999654,0,Lake and River,YES
45.4,0.03578,33.33,0.4429,7.82,64.5,4.695,25.1,3.76,7.108,10.3632,50,0.041950915,1,Lake,YES
46,0.06129,33.33,0.4429,7.645,49.7,5.21,25.1,3.01,8.72,12.368,25,0.05114129,0,Lake and River,YES
46.7,0.29819,36.2,0.504,7.686,17,3.3775,22.6,3.92,10.134,14.3736,43,0.054927989,1,None,YES
48.3,0.33147,36.2,0.507,8.247,70.4,3.65,22.6,3.95,9.066,11.3864,23,0.050358562,0,None,YES
48.5,0.0351,32.68,0.4161,7.853,33.2,5.1175,25.3,3.81,8.77,11.388,22,0.040932911,0,None,YES
48.8,0.52014,33.97,0.647,8.398,91.5,2.2875,27,5.91,10.076,15.3904,24,0.055130645,0,None,YES
50,1.46336,49.58,0.605,7.489,90.8,1.97,25.3,1.73,10.5,11.4,35,0.053896795,1,Lake and River,YES
50,1.83377,49.58,0.605,7.802,98.2,2.0425,25.3,1.92,8.4,12.4,22,0.055681854,0,None,YES
50,1.51902,49.58,0.605,8.375,93.9,2.1625,25.3,3.32,8,12.4,57,0.060273298,1,River,YES
50,2.01019,49.58,0.605,7.929,96.2,2.0475,25.3,3.7,8.3,15.4,37,0.052105035,1,River,YES
50,0.05602,32.46,0.488,7.831,53.6,3.2,22.2,4.45,6,13.4,35,0.045703391,1,River,YES
50,0.01381,30.46,0.422,7.875,32,5.65,25.6,2.97,8.2,14.4,26,0.042971351,0,Lake and River,YES
50,0.02009,32.68,0.4161,8.034,31.9,5.12,25.3,2.88,8.9,15.4,51,0.044178168,0,River,YES
50,0.52693,36.2,0.504,8.725,83,2.8925,22.6,4.63,7.5,13.4,20,0.056994369,1,Lake,YES
50,0.61154,33.97,0.647,8.704,86.9,1.8025,27,5.12,8.6,11.4,54,0.055193191,1,River,YES
50,0.57834,33.97,0.575,8.297,67,2.42,27,7.44,8,15.4,42,0.063234775,0,Lake,YES
50,0.01501,31.21,0.401,7.923,24.8,5.885,26.4,3.16,8.7,13.4,20,0.048894815,0,Lake,YES
50,4.89822,48.1,0.631,4.97,100,1.3325,19.8,3.26,9.7,13.4,41,0.062356485,0,Lake and River,YES
50,5.66998,48.1,0.631,6.683,96.8,1.355,19.8,3.73,6.7,15.4,58,0.06747724,1,Lake and River,YES
50,6.53876,48.1,0.631,7.016,97.5,1.2,19.8,2.96,10.1,12.4,46,0.05922939,0,None,YES
50,9.2323,48.1,0.631,6.216,100,1.17,19.8,9.53,9.8,13.4,25,0.060880135,1,None,YES
50,8.26725,48.1,0.668,5.875,89.6,1.1275,19.8,8.88,10.8,12.4,57,0.06447881,1,None,YES